{
  "project_info": {
    "project_number": "29358234009",
    "firebase_url": "https://signup-a2bb8.firebaseio.com",
    "project_id": "signup-a2bb8",
    "storage_bucket": "signup-a2bb8.appspot.com"
  },
  "client": [
    {
      "client_info": {
        "mobilesdk_app_id": "1:29358234009:android:be0476ccdd38a7f2",
        "android_client_info": {
          "package_name": "com.example.googlesignup"
        }
      },
      "oauth_client": [
        {
          "client_id": "29358234009-rhsier944asqtq8m4k7kc5dl91sfadlh.apps.googleusercontent.com",
          "client_type": 1,
          "android_info": {
            "package_name": "com.example.googlesignup",
            "certificate_hash": "e451f79559c2a45250a889b6147105baaeded721"
          }
        }
      ],
      "api_key": [
        {
          "current_key": "AIzaSyBWKqGHNF3tITie-WWKCHTrLBKqg5hNnGU"
        }
      ],
      "services": {
        "appinvite_service": {
          "other_platform_oauth_client": [
            {
              "client_id": "29358234009-3u8blbq4i3ej3ie0ds2oeiuivr562ces.apps.googleusercontent.com",
              "client_type": 3
            }
          ]
        }
      }
    }
  ],
  "configuration_version": "1"
}